{
  "users": [
    {
      "name": "shekhar",
      "email": "shekharpa@cybage.com",
      "password": "Jack@ss265",
      "phone": "8796749069",
      "gender": "Male",
      "id": 1
    },
    {
      "name": "ryan",
      "email": "ryan@gmail.com",
      "password": "Jack@ss265",
      "phone": "8796749069",
      "gender": "Male",
      "id": 2
    },
    {
      "name": "jack",
      "email": "Jack@gmail.com",
      "password": "Jack@ss265",
      "phone": "8796749069",
      "gender": "Male",
      "id": 3
    },
    {
      "name": "sampada",
      "email": "sampada@gmail.com",
      "password": "Sam@123",
      "phone": "8796749069",
      "gender": "Female",
      "id": 4
    },
    {
      "name": "tripti",
      "email": "tripti@gmail.com",
      "password": "Tripti@123",
      "phone": "8796749069",
      "gender": "Male",
      "id": 5
    },
    {
      "name": "vaishnavi",
      "email": "vaishnavi@gmail.com",
      "password": "vaishnavi@123",
      "phone": "8796749069",
      "gender": "Female",
      "id": 6
    },
    {
      "name": "ritu",
      "email": "ritu@gmail.com",
      "password": "Ritu@123",
      "phone": "8796749069",
      "gender": "Female",
      "id": 7
    },
    {
      "name": "ayush",
      "email": "ayush@gmail.com",
      "password": "ayush@123",
      "phone": "8796749069",
      "gender": "Male",
      "id": 8
    },
    {
      "name": "shekha",
      "email": "zack@gmail.com",
      "password": "Jack@ss265",
      "phone": "8796749069",
      "gender": "Male",
      "id": 9
    },
    {
      "name": "zack",
      "email": "zck@gmail.com",
      "password": "Jack@ss265",
      "phone": "0879674906",
      "gender": "Male",
      "id": 10
    },
    {
      "name": "john",
      "email": "john@gmail.com",
      "password": "Jack@ss265",
      "phone": "8796749069",
      "gender": "Male",
      "id": 11
    },
    {
      "name": "jason",
      "email": "jason@gmail.com",
      "password": "Jack@ss265",
      "phone": "9862792575",
      "gender": "Male",
      "id": 12
    },
    {
      "name": "pooja",
      "email": "pooja@gmail.com",
      "password": "Jack@ss265",
      "phone": "8796749069",
      "gender": "Male",
      "id": 13
    },
    {
      "name": "pawar",
      "email": "pawar@gmail.com",
      "password": "Jack@ss265",
      "phone": "8796749069",
      "gender": "Male",
      "id": 14
    },
    {
      "name": "shekha",
      "email": "ck@gmail.com",
      "password": "Jack@ss265",
      "phone": "8796749069",
      "gender": "Male",
      "id": 15
    },
    {
      "name": "jean",
      "email": "jean@gmail.com",
      "password": "Jack@ss265",
      "phone": "0879674906",
      "gender": "Female",
      "id": 16
    },
    {
      "name": "jess",
      "email": "jess@gmail.com",
      "password": "Jack@ss265",
      "phone": "9860289746",
      "gender": "Female",
      "id": 17
    },
    {
      "name": "ken",
      "email": "ke@gmail.com",
      "password": "Jack@ss265",
      "phone": "1111111111",
      "gender": "Male",
      "id": 18
    },
    {
      "name": "priyanka",
      "email": "priyanka@gmail.com",
      "password": "Priya@123",
      "phone": "7744942764",
      "gender": "Female",
      "id": 19
    }
  ],
  "blogs": [
    {
      "author": "jack",
      "title": "trip to goa",
      "category": "IT",
      "content": "Lego reconstructions of pop videos and cakes baked in the shape of iPods are not generally considered relevant to serious political debate. But even the most earnest bloggers will often take time out of their busy schedule to pass on some titbit of mildly entertaining geek ephemera. No one has done more to promote pointless, yet strangely cool, time-wasting stuff on the net than the editors of Boing Boing (subtitle: A Directory of Wonderful Things).  ",
      "id": 1
    },
    {
      "author": "jack",
      "title": "should we buy bitbucket ",
      "category": "Technology",
      "content": "Lego reconstructions of pop videos and cakes baked in the shape of iPods are not generally considered relevant to serious political debate. But even the most earnest bloggers will often take time out of their busy schedule to pass on some titbit of mildly entertaining geek ephemera. No one has done more to promote pointless, yet strangely cool, time-wasting stuff on the net than the editors of Boing Boing (subtitle: A Directory of Wonderful Things).  ",
      "id": 2
    },
    {
      "author": "jack",
      "title": "trip to goa",
      "category": "Lifestyle",
      "content": "Lego reconstructions of pop videos and cakes baked in the shape of iPods are not generally considered relevant to serious political debate. But even the most earnest bloggers will often take time out of their busy schedule to pass on some titbit of mildly entertaining geek ephemera. No one has done more to promote pointless, yet strangely cool, time-wasting stuff on the net than the editors of Boing Boing (subtitle: A Directory of Wonderful Things).  ",
      "id": 3
    },
    {
      "author": "jack",
      "title": "cultivation chat group",
      "category": "IT",
      "content": "Lego reconstructions of pop videos and cakes baked in the shape of iPods are not generally considered relevant to serious political debate. But even the most earnest bloggers will often take time out of their busy schedule to pass on some titbit of mildly entertaining geek ephemera. No one has done more to promote pointless, yet strangely cool, time-wasting stuff on the net than the editors of Boing Boing (subtitle: A Directory of Wonderful Things).  ",
      "id": 4
    },
    {
      "author": "jack",
      "title": "movie with buddies",
      "category": "Technology",
      "content": "Lego reconstructions of pop videos and cakes baked in the shape of iPods are not generally considered relevant to serious political debate. But even the most earnest bloggers will often take time out of their busy schedule to pass on some titbit of mildly entertaining geek ephemera. No one has done more to promote pointless, yet strangely cool, time-wasting stuff on the net than the editors of Boing Boing (subtitle: A Directory of Wonderful Things).  ",
      "id": 5
    },
    {
      "author": "shekhar",
      "title": "live your life to the fullest",
      "category": "Lifestyle",
      "content": "<p><span style=\"color: #4d4d4d; font-family: Roboto, serif, arial, helvetica; font-size: 18px; background-color: #ffffff;\"><em>&ldquo;Your time is limited, don&rsquo;t waste it living someone else&rsquo;s life. Don&rsquo;t be trapped by dogma, which is living the result of other people&rsquo;s thinking. Don&rsquo;t let the noise of other&rsquo;s opinion drown your own inner voice. And most important, have the courage to follow your heart and intuition, they somehow already know what you truly want to become. Everything else is secondary.&rdquo;</em> &ndash;<strong>&nbsp;</strong></span><strong><a style=\"text-decoration-line: none; color: #960000; outline: 0px; transition: all 0.2s ease 0s; box-sizing: border-box; box-shadow: none; border-bottom: 2px solid transparent; font-family: Roboto, serif, arial, helvetica; font-size: 18px; background-color: #ffffff;\" href=\"https://personalexcellence.co/blog/steve-jobs/\">Steve Jobs</a></strong></p>",
      "id": 6
    },
    {
      "author": "shekhar",
      "title": "should we buy bitbucket ",
      "category": "It",
      "content": "<p>e<strong>wrewrwerwerr</strong></p>",
      "id": 7
    },
    {
      "author": "jack",
      "title": "trip to goa",
      "category": "IT",
      "content": "Lego reconstructions of pop videos and cakes baked in the shape of iPods are not generally considered relevant to serious political debate. But even the most earnest bloggers will often take time out of their busy schedule to pass on some titbit of mildly entertaining geek ephemera. No one has done more to promote pointless, yet strangely cool, time-wasting stuff on the net than the editors of Boing Boing (subtitle: A Directory of Wonderful Things).  ",
      "id": 8
    },
    {
      "author": "jack",
      "title": "should we buy bitbucket ",
      "category": "Technology",
      "content": "Lego reconstructions of pop videos and cakes baked in the shape of iPods are not generally considered relevant to serious political debate. But even the most earnest bloggers will often take time out of their busy schedule to pass on some titbit of mildly entertaining geek ephemera. No one has done more to promote pointless, yet strangely cool, time-wasting stuff on the net than the editors of Boing Boing (subtitle: A Directory of Wonderful Things).  ",
      "id": 9
    },
    {
      "author": "jack",
      "title": "trip to goa",
      "category": "Lifestyle",
      "content": "Lego reconstructions of pop videos and cakes baked in the shape of iPods are not generally considered relevant to serious political debate. But even the most earnest bloggers will often take time out of their busy schedule to pass on some titbit of mildly entertaining geek ephemera. No one has done more to promote pointless, yet strangely cool, time-wasting stuff on the net than the editors of Boing Boing (subtitle: A Directory of Wonderful Things).  ",
      "id": 10
    },
    {
      "author": "jack",
      "title": "cultivation chat group",
      "category": "IT",
      "content": "Lego reconstructions of pop videos and cakes baked in the shape of iPods are not generally considered relevant to serious political debate. But even the most earnest bloggers will often take time out of their busy schedule to pass on some titbit of mildly entertaining geek ephemera. No one has done more to promote pointless, yet strangely cool, time-wasting stuff on the net than the editors of Boing Boing (subtitle: A Directory of Wonderful Things).  ",
      "id": 11
    },
    {
      "author": "jack",
      "title": "movie with buddies",
      "category": "Technology",
      "content": "Lego reconstructions of pop videos and cakes baked in the shape of iPods are not generally considered relevant to serious political debate. But even the most earnest bloggers will often take time out of their busy schedule to pass on some titbit of mildly entertaining geek ephemera. No one has done more to promote pointless, yet strangely cool, time-wasting stuff on the net than the editors of Boing Boing (subtitle: A Directory of Wonderful Things).  ",
      "id": 12
    },
    {
      "author": "shekhar",
      "title": "live your life to the fullest",
      "category": "Lifestyle",
      "content": "<p><span style=\"color: #4d4d4d; font-family: Roboto, serif, arial, helvetica; font-size: 18px; background-color: #ffffff;\"><em>&ldquo;Your time is limited, don&rsquo;t waste it living someone else&rsquo;s life. Don&rsquo;t be trapped by dogma, which is living the result of other people&rsquo;s thinking. Don&rsquo;t let the noise of other&rsquo;s opinion drown your own inner voice. And most important, have the courage to follow your heart and intuition, they somehow already know what you truly want to become. Everything else is secondary.&rdquo;</em> &ndash;<strong>&nbsp;</strong></span><strong><a style=\"text-decoration-line: none; color: #960000; outline: 0px; transition: all 0.2s ease 0s; box-sizing: border-box; box-shadow: none; border-bottom: 2px solid transparent; font-family: Roboto, serif, arial, helvetica; font-size: 18px; background-color: #ffffff;\" href=\"https://personalexcellence.co/blog/steve-jobs/\">Steve Jobs</a></strong></p>",
      "id": 13
    },
    {
      "author": "shekhar",
      "title": "should we buy bitbucket ",
      "category": "It",
      "content": "<p>e<strong>wrewrwerwerr</strong></p>",
      "id": 14
    },
    {
      "author": "priyanka",
      "title": "test",
      "category": "Technology",
      "content": "<p>for testing purpose</p>",
      "id": 15
    },
    {
      "author": "priyanka",
      "title": "test",
      "category": "Technology",
      "content": "<p>for testing purpose</p>",
      "id": 16
    }
  ]
}